{
  "train_loss": [
    4.0493011109080514,
    3.6007124368158823,
    3.5295026923339266,
    3.538378588031314,
    3.481298115519999,
    3.4361849041782953,
    3.3992790310901584,
    3.367988425697959,
    3.3664450072213974,
    3.3820271195021974,
    3.3491103563120266,
    3.324581449045309,
    3.33777696816169,
    3.3079588202579018,
    3.3155298173559045,
    3.329115263259748,
    3.415361364700191,
    3.3424143890517843,
    3.2981148476620943,
    3.4101103246844136
  ],
  "val_loss": [
    6.241782301821256,
    5.487238256335073,
    5.1471014011522715,
    5.373740742639972,
    5.453497090280297,
    5.252485282341548,
    5.149329445107957,
    4.592627080286929,
    4.986907392857618,
    4.659600535341836,
    4.987392383824977,
    4.605062330775414,
    4.747955712047818,
    4.788014030352147,
    5.103933305616934,
    4.885060630625228,
    4.871544900830267,
    4.892905092836106,
    4.609302996339755,
    4.61909577822343
  ]
}