{
  "train_loss": [
    5.985759010990631,
    5.361375562708795,
    5.242088937274606,
    5.113888079773138,
    4.993561425524396,
    4.851166714401272,
    4.6739971422389015,
    4.622920464458405,
    4.588245953361122,
    4.585097481798355,
    4.609347226685896,
    4.588972137598347,
    4.604423812096481,
    4.59133261429752,
    4.581841769313287,
    4.630993558522758,
    4.643777985895653,
    4.608682480446098,
    4.621340381011647,
    4.648321290153232
  ],
  "val_loss": [
    4.946780864294882,
    4.96442784245645,
    4.880082428798884,
    4.331007597497767,
    4.430193776249954,
    4.383380333658401,
    4.5547293816048535,
    4.172295352581178,
    4.062423184377039,
    4.062884015770338,
    4.288279515848441,
    4.071572269732866,
    4.213841730860207,
    4.236675070500982,
    4.126960096469457,
    4.285241973039841,
    4.108516021243494,
    4.19507757715382,
    4.254150262641158,
    4.082003887157357
  ]
}