{
  "train_loss": [
    4.093350011520616,
    3.9128823947590834,
    3.862025929408228,
    3.828024238193497,
    3.8253932335030174,
    3.834721553229561,
    3.8148030177972667,
    3.8230270623454152,
    3.7946280137451067,
    3.7800345547525547,
    3.7969960769011815,
    3.8119103063416038,
    3.82610758610465,
    3.8187446291997746,
    3.804567312782497,
    3.79794883245857,
    3.7945899506112832,
    3.797849186738915,
    3.774892950591415,
    3.736024700785462
  ],
  "val_loss": [
    4.5571400115788485,
    4.272755020000014,
    4.2144248096323045,
    4.300152851339817,
    4.515024872954836,
    4.732653643233461,
    4.634704719427453,
    4.350248991625764,
    4.454808574411496,
    4.4644484109272335,
    4.327777897589093,
    4.584890516414939,
    4.7266705403546005,
    4.4376106155754025,
    4.3650802514232625,
    4.404033968511477,
    4.399405062493308,
    4.506059625248414,
    4.421966537334632,
    4.428771715165398
  ]
}